expiry,T,a,b,rho,m,sigma,rmse_vol_pts,n_points
2026-10-13,0.0191780821917808,-0.002627017591680175,0.02730952440484337,-0.07588024097311079,0.0011135073951499112,0.1017990162028321,0.27739044881943964,97
2026-10-14,0.021917808219178,-0.004013194252047432,0.03205201407650531,-0.16619366936098934,-0.009454777863084884,0.13341169392243712,0.18268555249861693,98
2026-10-15,0.0246575342465753,-0.0033748089056270776,0.031275166698451255,-0.2028149977234571,-0.011774767343619052,0.11818796333534758,0.2060545879322469,89
2026-10-16,0.0273972602739726,-0.008306053047920746,0.04805035824488852,-0.02970144507612012,0.009444908287464722,0.17875960639810415,0.2104554587344723,139
2026-10-23,0.0465753424657534,-0.016836505795428607,0.06885842204235113,0.031665009245384144,0.03164810769303592,0.2514584746773576,0.18926962432646716,152
2026-10-30,0.0657534246575342,-0.018202731915056603,0.0734129540720239,-0.012570810650681418,0.029682982494514957,0.25857534483455946,0.13971789519391994,239
2026-11-06,0.084931506849315,-0.01833796810650434,0.07539197088491571,-0.06967962406501842,0.022950045782295928,0.2583218228442727,0.05988041384205133,155
2026-11-13,0.1041095890410958,-0.017157993440008755,0.07502104307483232,-0.12642254446582513,0.015639408039706426,0.248874637579548,0.05253733338724951,144
2026-11-20,0.1232876712328767,-0.03272140383435185,0.10222271786312523,0.0008966985148300388,0.05706377799667868,0.335971485398425,0.23176421902358874,197
2026-11-30,0.1506849315068493,-0.02235075622485983,0.08837059089436378,-0.11985174789413042,0.026581269463586882,0.2765186200689671,0.049598833492039876,276
2026-12-18,0.2,-0.07023468460560864,0.1557266537434899,0.0998541205729663,0.1296788111313053,0.4706309420067968,0.30296507553827445,252
2026-12-31,0.2356164383561644,-0.04051685478943536,0.1263064459287079,-0.012351057318492628,0.0759597994995672,0.3457653077337132,0.06512842008641306,305
2027-01-15,0.2767123287671232,-0.11756143076575291,0.20226948144248724,0.10350862116974184,0.16468489538779124,0.6035063212353966,0.3096465991256995,170
2027-01-29,0.3150684931506849,-0.05128363875331404,0.14591155485175406,-0.02468633982371337,0.08723538980466353,0.3818354790641058,0.053020564549585335,179
2027-02-26,0.3917808219178082,-0.027394706096983773,0.1135620933951867,-0.26250962435431524,0.032823913426622796,0.3025563056057062,0.036393245884395874,141
2027-03-19,0.4493150684931506,-0.08377901512600248,0.17473441559903843,-0.16800423004951595,0.04682937962042958,0.526306425873531,0.4055056361895756,168
2027-03-31,0.4821917808219178,-0.18653588973612067,0.3088090564706196,0.28048509009099115,0.32409738577649705,0.6535923201565019,1.0276474217308458,189
2027-06-17,0.6958904109589041,-0.14850869311990877,0.23025778507669975,-0.1187373525516422,0.10716684046477407,0.7005516727785607,0.516890306884001,212
2027-06-30,0.7315068493150685,-0.04956142223445361,0.16468063926089746,-0.06537715530260803,0.14912874820997774,0.3753995083202603,0.7710434785524916,173
2027-09-17,0.947945205479452,-0.15916501913635556,0.24608351539643808,-0.13038235125855405,0.13389907305790646,0.7230797867878542,0.5010394309739669,225
2027-09-30,0.9835616438356164,-0.08073634457733675,0.2222295252272954,0.10624094122553203,0.25401287392128896,0.4458275901839126,0.05524177974236729,89
2027-12-17,1.1972602739726028,-0.18983099024629263,0.2741401180469215,-0.08810932671402598,0.18832340627029787,0.7803399890064826,0.5503128761849145,239
2028-01-21,1.2931506849315069,-0.2849662611582172,0.33413345452497767,0.027539536901932327,0.29693503784124164,0.9291354666960676,0.8551608424955874,240
2028-06-16,1.695890410958904,-0.487699157756886,0.47471723409197536,0.21443390226548115,0.5582916974869355,1.1280605773789192,0.5927021756448472,240
2028-12-15,2.194520547945205,-0.4659224707843752,0.44634452031348343,0.12656323276315637,0.5067798079732547,1.1646903032109555,0.3017008669145732,226
2029-01-19,2.290410958904109,-0.1786809083421771,0.2794056802604726,-0.2776963479914825,0.14537828572062808,0.8622398936830366,0.42693407659104965,164
